{"d7c5fff0-b4c4-11ec-a2f6-6177511be985":{"age":16,"expression":"happy","gender":"male","Descriptor":[{"0":-0.11824052035808563,"1":0.012356068007647991,"2":0.02190839871764183,"3":-0.05513467639684677,"4":-0.15561412274837494,"5":-0.048101022839546204,"6":-0.06190536171197891,"7":-0.05797536298632622,"8":0.12135989218950272,"9":-0.13590870797634125,"10":0.16418969631195068,"11":0.01008778065443039,"12":-0.1833391636610031,"13":0.09535771608352661,"14":-0.015847111120820045,"15":0.15218782424926758,"16":-0.1673651784658432,"17":-0.14400054514408112,"18":-0.05230731517076492,"19":-0.0617530383169651,"20":0.052737198770046234,"21":0.05273820087313652,"22":-0.07142919301986694,"23":0.10340459644794464,"24":-0.17157141864299774,"25":-0.3162883222103119,"26":-0.12147268652915955,"27":-0.11750562489032745,"28":-0.047744713723659515,"29":-0.03257784992456436,"30":-0.027854859828948975,"31":0.06297150999307632,"32":-0.12013407051563263,"33":-0.011729758232831955,"34":0.08849629759788513,"35":0.053035538643598557,"36":-0.01786305010318756,"37":-0.05823918431997299,"38":0.23144172132015228,"39":0.06875093281269073,"40":-0.1615690290927887,"41":0.04956187307834625,"42":0.07835832983255386,"43":0.2750711441040039,"44":0.11036937683820724,"45":0.05042966827750206,"46":0.05865001678466797,"47":-0.061536747962236404,"48":0.13546547293663025,"49":-0.286926805973053,"50":0.05542033538222313,"51":0.14571896195411682,"52":0.08529675006866455,"53":0.09669343382120132,"54":0.036568619310855865,"55":-0.12209180742502213,"56":0.07888759672641754,"57":0.09192420542240143,"58":-0.20565348863601685,"59":0.1075940653681755,"60":0.08435486257076263,"61":-0.09055295586585999,"62":0.006005734205245972,"63":-0.02427206188440323,"64":0.29097118973731995,"65":0.08838775753974915,"66":-0.1588032841682434,"67":-0.07740973681211472,"68":0.08263950794935226,"69":-0.1578032374382019,"70":-0.1311090886592865,"71":-0.028046347200870514,"72":-0.1384345144033432,"73":-0.20988178253173828,"74":-0.30367228388786316,"75":0.08143489062786102,"76":0.42141610383987427,"77":0.20131804049015045,"78":-0.19224169850349426,"79":0.07949446886777878,"80":-0.069623664021492,"81":-0.04597241431474686,"82":0.09004417061805725,"83":0.08500990271568298,"84":-0.08490896224975586,"85":-0.005718976259231567,"86":-0.0778326466679573,"87":0.05136968940496445,"88":0.28658804297447205,"89":0.012254651635885239,"90":0.003461923450231552,"91":0.273551881313324,"92":0.03753020614385605,"93":0.07104981690645218,"94":0.046740055084228516,"95":0.07632780075073242,"96":-0.12100973725318909,"97":-0.12680087983608246,"98":-0.10809310525655746,"99":-0.010159570723772049,"100":0.01923307403922081,"101":-0.006862234324216843,"102":0.004999503493309021,"103":0.14699280261993408,"104":-0.21594175696372986,"105":0.1527533233165741,"106":-0.0913601964712143,"107":-0.07303725183010101,"108":-0.08612674474716187,"109":0.05573444813489914,"110":-0.17819255590438843,"111":-0.06313517689704895,"112":0.11313146352767944,"113":-0.1787901073694229,"114":0.1176365315914154,"115":0.16446593403816223,"116":0.07431264221668243,"117":0.1388283669948578,"118":0.11683958023786545,"119":-0.029157767072319984,"120":-0.03413479030132294,"121":-0.015524357557296753,"122":-0.17701885104179382,"123":-0.07223786413669586,"124":0.144583061337471,"125":0.0017756447196006775,"126":0.08166412264108658,"127":0.03251872956752777}],"Token":"d7c5fff0-b4c4-11ec-a2f6-6177511be985"},"7389cb10-b4c5-11ec-9c3d-f14a300f233f":{"age":16,"expression":"happy","gender":"male","Descriptor":[{"0":-0.11824052035808563,"1":0.012356068007647991,"2":0.02190839871764183,"3":-0.05513467639684677,"4":-0.15561412274837494,"5":-0.048101022839546204,"6":-0.06190536171197891,"7":-0.05797536298632622,"8":0.12135989218950272,"9":-0.13590870797634125,"10":0.16418969631195068,"11":0.01008778065443039,"12":-0.1833391636610031,"13":0.09535771608352661,"14":-0.015847111120820045,"15":0.15218782424926758,"16":-0.1673651784658432,"17":-0.14400054514408112,"18":-0.05230731517076492,"19":-0.0617530383169651,"20":0.052737198770046234,"21":0.05273820087313652,"22":-0.07142919301986694,"23":0.10340459644794464,"24":-0.17157141864299774,"25":-0.3162883222103119,"26":-0.12147268652915955,"27":-0.11750562489032745,"28":-0.047744713723659515,"29":-0.03257784992456436,"30":-0.027854859828948975,"31":0.06297150999307632,"32":-0.12013407051563263,"33":-0.011729758232831955,"34":0.08849629759788513,"35":0.053035538643598557,"36":-0.01786305010318756,"37":-0.05823918431997299,"38":0.23144172132015228,"39":0.06875093281269073,"40":-0.1615690290927887,"41":0.04956187307834625,"42":0.07835832983255386,"43":0.2750711441040039,"44":0.11036937683820724,"45":0.05042966827750206,"46":0.05865001678466797,"47":-0.061536747962236404,"48":0.13546547293663025,"49":-0.286926805973053,"50":0.05542033538222313,"51":0.14571896195411682,"52":0.08529675006866455,"53":0.09669343382120132,"54":0.036568619310855865,"55":-0.12209180742502213,"56":0.07888759672641754,"57":0.09192420542240143,"58":-0.20565348863601685,"59":0.1075940653681755,"60":0.08435486257076263,"61":-0.09055295586585999,"62":0.006005734205245972,"63":-0.02427206188440323,"64":0.29097118973731995,"65":0.08838775753974915,"66":-0.1588032841682434,"67":-0.07740973681211472,"68":0.08263950794935226,"69":-0.1578032374382019,"70":-0.1311090886592865,"71":-0.028046347200870514,"72":-0.1384345144033432,"73":-0.20988178253173828,"74":-0.30367228388786316,"75":0.08143489062786102,"76":0.42141610383987427,"77":0.20131804049015045,"78":-0.19224169850349426,"79":0.07949446886777878,"80":-0.069623664021492,"81":-0.04597241431474686,"82":0.09004417061805725,"83":0.08500990271568298,"84":-0.08490896224975586,"85":-0.005718976259231567,"86":-0.0778326466679573,"87":0.05136968940496445,"88":0.28658804297447205,"89":0.012254651635885239,"90":0.003461923450231552,"91":0.273551881313324,"92":0.03753020614385605,"93":0.07104981690645218,"94":0.046740055084228516,"95":0.07632780075073242,"96":-0.12100973725318909,"97":-0.12680087983608246,"98":-0.10809310525655746,"99":-0.010159570723772049,"100":0.01923307403922081,"101":-0.006862234324216843,"102":0.004999503493309021,"103":0.14699280261993408,"104":-0.21594175696372986,"105":0.1527533233165741,"106":-0.0913601964712143,"107":-0.07303725183010101,"108":-0.08612674474716187,"109":0.05573444813489914,"110":-0.17819255590438843,"111":-0.06313517689704895,"112":0.11313146352767944,"113":-0.1787901073694229,"114":0.1176365315914154,"115":0.16446593403816223,"116":0.07431264221668243,"117":0.1388283669948578,"118":0.11683958023786545,"119":-0.029157767072319984,"120":-0.03413479030132294,"121":-0.015524357557296753,"122":-0.17701885104179382,"123":-0.07223786413669586,"124":0.144583061337471,"125":0.0017756447196006775,"126":0.08166412264108658,"127":0.03251872956752777}],"Token":"7389cb10-b4c5-11ec-9c3d-f14a300f233f"}}